Task,Mean rmse,Standard deviation rmse,Fold 0 rmse
Biodistribution_heart,0.22733976584409643,0.0,0.22733976584409643
Biodistribution_kidney,0.01491084254400851,0.0,0.01491084254400851
Biodistribution_liver,0.25119420533780634,0.0,0.25119420533780634
Biodistribution_lung,0.13031103750933717,0.0,0.13031103750933717
Biodistribution_lymph_nodes,0.052198812108602,0.0,0.052198812108602
Biodistribution_muscle,0.2612543473774504,0.0,0.2612543473774504
Biodistribution_spleen,0.16956821034727937,0.0,0.16956821034727937
quantified_delivery,0.8650291063702763,0.0,0.8650291063702763
quantified_total_luminescence,0.6279680740865878,0.0,0.6279680740865878
